country,locode,name,name_wo,sub_division,function,status,iata,coordinates,remarks,UNLogNumber
CL,CLACH,Achao,Achao,LL,1-------,RN,,4227S 07331W,,
CL,CLALG,Algarrobo,Algarrobo,VS,--3-----,RN,,3322S 07140W,,
CL,CLALH,Alhué,Alhue,RM,--3-----,RN,,3402S 07106W,,
CL,CLABB,Alto Bío Bío,Alto Bio Bio,BI,--3-----,RN,,3843S 07108W,,
CL,CLADC,Alto del Carmen,Alto del Carmen,AT,--3-----,RN,,2846S 07030W,,
CL,CLAHP,Alto Hospicio,Alto Hospicio,TA,--3-----,RL,,2015S 07007W,,
CL,CLWAP,Alto Palena Apt,Alto Palena Apt,AI,--34----,RL,,4338S 07149W,,
CL,CLM9Z,Ancoa,Ancoa,ML,--3-----,RL,,3555S 07126W,,
CL,CLZUD,Ancud,Ancud,LL,1-34----,AI,,4151S 07350W,,
CL,CLAND,Andacollo,Andacollo,CO,--3-----,RN,,3013S 07105W,,
CL,CLANG,Angol,Angol,AR,-23-----,RL,,3748S 07243W,,
CL,CLANF,Antofagasta,Antofagasta,AN,1--4----,AI,,2338S 07023W,,
CL,CLANT,Antuco,Antuco,BI,--3-----,RN,,3720S 07141W,,
CL,CLARA,Arauco,Arauco,BI,1-3-----,RN,,3715S 07319W,,
CL,CLARI,Arica,Arica,AP,1-34----,AI,,1829S 07019W,,
CL,CLAYA,Ayacara,Ayacara,LL,1-------,RN,,4218S 07247W,,
CL,CLBLR,Bahia Laredo,Bahia Laredo,MA,1-3-----,RL,,5258S 07048W,,
CL,CLBAG,Bahía San Gregorio,Bahia San Gregorio,MA,1-------,AI,,5237S 07008W,,
CL,CLBBA,Balmaceda,Balmaceda,AI,--34----,AI,,4554S 07141W,,
CL,CLBAQ,Baquedano,Baquedano,AN,--3-----,RL,,2320S 06951W,,
CL,CLBAR,Barquito,Barquito,AT,1-------,RL,,2621S 07038W,,
CL,CLBUI,Buin,Buin,RM,--3-----,RL,,3344S 07045W,,
CL,CLBUL,Bulnes,Bulnes,BI,--3-----,RN,,3644S 07218W,,
CL,CLCBD,Cabildo,Cabildo,VS,--3-----,RN,,3225S 07108W,,
CL,CLCHR,Cabo de Hornos,Cabo de Hornos,MA,1-------,RN,,5558S 06712W,,
CL,CLCNX,Cabo Negro,Cabo Negro,MA,1-------,AI,,5258S 07051W,,
CL,CLCAB,Cabrero,Cabrero,BI,-23-----,RL,,3702S 07224W,,
CL,CLCJC,Calama,Calama,AN,-234----,AI,,2227S 06855W,,
CL,CLCBC,Calbuco,Calbuco,LL,1-3-----,RL,,4145S 07308W,,
CL,CLCLD,Caldera,Caldera,AT,1-------,AI,,2702S 07048W,,
CL,CLCAA,Calderilla,Calderilla,AT,123-----,RN,,2705S 07051W,,
CL,CLCDT,Calera de Tango,Calera de Tango,RM,--3-----,RN,,3337S 07048W,,
CL,CLCLR,Caleta Clarencia,Caleta Clarencia,MA,1-------,AI,,5253S 07006W,,
CL,CLCOL,Caleta Coloso,Caleta Coloso,AN,1-------,RL,,2345S 07028W,,
CL,CLCAL,Caleta Patillos,Caleta Patillos,,1-------,RQ,,2045S 07012W,Use CL PTI,
CL,CLCLL,Calle Larga,Calle Larga,VS,--3-----,RN,,3251S 07038W,,
CL,CLCAM,Camarones,Camarones,AP,--3-----,RN,,1901S 06952W,,
CL,CLCMA,Camiña,Camina,TA,--3-----,RN,,1918S 06925W,,
CL,CLBBH,Campamento Barahona,Campamento Barahona,LI,-----6--,RL,,3406S 07031W,,
CL,CLCMP,Campanario,Campanario,BI,-----6--,RL,,3707S 07211W,,
CL,CLCAN,Canela,Canela,CO,--3-----,RN,,3124S 07127W,,
CL,CLCTE,Cañete,Canete,BI,--3-----,RN,,3748S 07324W,,
CL,CLCAR,Carahue,Carahue,AR,-23-----,RN,,3842S 07310W,,
CL,CLCRH,Carahue,Carahue,LL,1-3-----,RN,,4300S 07333W,,
CL,CLCGN,Cartagena,Cartagena,VS,--3-----,RN,,3333S 07136W,,
CL,CLCAS,Casablanca,Casablanca,VS,--3-----,RL,,3319S 07124W,Valparaiso,
CL,CLWCA,Castro,Castro,LL,1-34----,AI,,4228S 07346W,,
CL,CLCAT,Catemu,Catemu,VS,--3-----,RN,,3238S 07102W,,
CL,CLCAU,Cauquenes,Cauquenes,ML,--3-----,RN,,3558S 07221W,,
CL,CLCER,Cerrillos,Cerrillos,RM,--3-----,RL,,3329S 07043W,,
CL,CLCNV,Cerro Navia,Cerro Navia,RM,--3-----,RN,,3325S 07043W,,
CL,CLSMB,Cerro Sombrero,Cerro Sombrero,MA,--34----,AI,,5246S 06918W,,
CL,CLCHB,Chacabuco,Chacabuco,AI,1-------,AI,,4529S 07249W,,
CL,CLCCA,Chacao,Chacao,LL,1-3-----,RN,,4150S 07332W,,
CL,CLCHG,Chagres,Chagres,VS,--3-----,RL,,3248S 07058W,,
CL,CLWCH,Chaitén,Chaiten,LL,1--4----,AI,,4255S 07242W,,
CL,CLCNR,Chañaral,Chanaral,AT,1234----,AI,,2621S 07037W,,
CL,CLCHA,Chanco,Chanco,ML,--3-----,RN,,3544S 07232W,,
CL,CLB7X,Charrua,Charrua,BI,--3-----,RL,,3706S 07217W,,
CL,CLCHE,Chépica,Chepica,LI,--3-----,RN,,3444S 07117W,,
CL,CLCCO,Chicureo,Chicureo,RM,--3-----,RL,,3317S 07038W,Chicureo Abajo,
CL,CLCHI,Chiguayante,Chiguayante,BI,123-----,RN,,3655S 07301W,,
CL,CLCCH,Chile Chico,Chile Chico,AI,--3-----,AI,,4633S 07144W,,
CL,CLYAI,Chillán,Chillan,BI,-234----,AI,,3636S 07206W,,
CL,CLCHV,Chillán Viejo,Chillan Viejo,BI,--3-----,RN,,3637S 07208W,,
CL,CLCBG,Chimbarongo,Chimbarongo,LI,--3-----,RN,,3442S 07103W,,
CL,CLCHL,Cholchol,Cholchol,AR,--3-----,RN,,3836S 07251W,,
CL,CLCHO,Chonchi,Chonchi,LL,1-3-----,RN,,4236S 07348W,,
CL,CLCHU,Chuquicamata,Chuquicamata,AN,--3-----,RL,QUI,2219S 06856W,,
CL,CLCBQ,Cobquecura,Cobquecura,BI,--3-----,RN,,3608S 07247W,,
CL,CLCMO,Cochamó,Cochamo,LL,--3-----,RN,,4130S 07219W,,
CL,CLCOC,Cochrane,Cochrane,AI,--3-----,RN,LGR,4716S 07233W,,
CL,CLCOD,Codegua,Codegua,LI,--3-----,RN,,3402S 07040W,,
CL,CLCOE,Coelemu,Coelemu,BI,--3-----,RN,,3629S 07242W,,
CL,CLCOI,Coihueco,Coihueco,BI,--3-----,RN,,3637S 07150W,,
CL,CLCOO,Coinco,Coinco,LI,--3-----,RN,,3416S 07058W,,
CL,CLCOB,Colbún,Colbun,ML,--3-----,RL,,3542S 07125W,,
CL,CLCNE,Colchane,Colchane,TA,--3-----,RN,,1916S 06838W,,
CL,CLCLN,Colina,Colina,RM,-23-----,RN,,3312S 07041W,,
CL,CLCPI,Collipulli,Collipulli,AR,-23-----,RN,,3757S 07226W,,
CL,CLCTC,Coltauco,Coltauco,LI,--3-----,RN,,3418S 07106W,,
CL,CLCBB,Combarbalá,Combarbala,CO,--3-----,RN,,3110S 07100W,,
CL,CLCCP,Concepción,Concepcion,BI,12345---,AI,,3649S 07303W,,
CL,CLCLI,Conchalí,Conchali,RM,--3-----,RN,,3321S 07037W,,
CL,CLCON,Concón,Concon,VS,--3-----,RL,,3255S 07131W,,
CL,CLCST,Constitución,Constitucion,ML,1-3-----,RN,,3520S 07225W,,
CL,CLCTM,Contulmo,Contulmo,BI,--3-----,RN,,3800S 07314W,,
CL,CLCPO,Copiapó,Copiapo,AT,1--4----,AI,,2721S 07020W,,
CL,CLCQQ,Coquimbo,Coquimbo,CO,1-------,AI,,2958S 07120W,,
CL,CLCNL,Coronel,Coronel,BI,123-----,AI,,3701S 07309W,,
CL,CLCRR,Corral,Corral,LL,1-34----,AI,,3952S 07326W,,
CL,CLCXQ,Coyhaique,Coyhaique,AI,--34----,RL,GXQ,4534S 07203W,,
CL,CLCGR,Cruz Grande,Cruz Grande,CO,1-------,RL,,2927S 07118W,,
CL,CLCUN,Cunco,Cunco,AR,-23-----,RN,,3855S 07202W,,
CL,CLCCN,Curacautín,Curacautin,AR,-23-----,RN,,3826S 07153W,,
CL,CLCRV,Curacaví,Curacavi,RM,--3-----,RN,,3324S 07109W,,
CL,CLCDV,Curaco de Vélez,Curaco de Velez,LL,1-------,RN,,4226S 07334W,,
CL,CLCRN,Curanilahue,Curanilahue,BI,--3-----,RN,,3728S 07321W,,
CL,CLCRE,Curarrehue,Curarrehue,AR,--3-----,RN,,3921S 07135W,,
CL,CLCRM,Curauma,Curauma,VS,--3-----,RL,,3309S 07141W,,
CL,CLCRT,Curepto,Curepto,ML,--3-----,RN,,3505S 07201W,,
CL,CLCUR,Curicó,Curico,ML,-23-----,RL,ZCQ,3458S 07114W,,
CL,CLDCH,Dalcahue,Dalcahue,LL,1-3-----,RL,,4223S 07340W,,
CL,CLDDA,Diego de Almagro,Diego de Almagro,AT,--3-----,RN,,2622S 07003W,,
CL,CLA2T,Domeyko,Domeyko,AT,--3-----,RL,,2857S 07053W,,
CL,CLDOH,Doñihue,Donihue,LI,--3-----,RN,,3414S 07058W,,
CL,CLELB,El Bosque,El Bosque,RM,--3-----,RN,,3334S 07042W,,
CL,CLELC,El Carmen,El Carmen,BI,--3-----,RN,,3654S 07202W,,
CL,CLEML,El Melón,El Melon,VS,--3-----,RL,,3237S 07113W,,
CL,CLELM,El Monte,El Monte,RM,--3-----,RN,,3341S 07101W,,
CL,CLELP,El Palqui,El Palqui,CO,--3-----,RL,,3045S 07059W,,
CL,CLELQ,El Quisco,El Quisco,VS,--3-----,RN,,3324S 07142W,,
CL,CLESR,El Salvador,El Salvador,AT,---4----,AI,,2616S 06935W,,
CL,CLELT,El Tabo,El Tabo,VS,--3-----,RN,,3327S 07140W,,
CL,CLEMP,Empedrado,Empedrado,ML,--3-----,RN,,3536S 07217W,,
CL,CLERC,Ercilla,Ercilla,AR,-23-----,RN,,3803S 07223W,,
CL,CLESC,Escuadrón,Escuadron,BI,--3-----,RL,,3658S 07309W,,
CL,CLECT,Estación Central,Estacion Central,RM,-23-----,RN,,3327S 07040W,,
CL,CLFLO,Florida,Florida,BI,--3-----,RN,,3649S 07240W,,
CL,CLFRE,Freire,Freire,AR,-23-----,RN,,3857S 07238W,,
CL,CLFRN,Freirina,Freirina,AT,-23-----,RN,,2830S 07104W,,
CL,CLFRS,Fresia,Fresia,LL,-23-----,RN,,4109S 07327W,,
CL,CLFRT,Frutillar,Frutillar,LL,--3-----,RN,,4107S 07306W,,
CL,CLFFU,Futaleufú,Futaleufu,LL,--34----,AI,,4310S 07150W,,
CL,CLFUT,Futrono,Futrono,LL,--3-----,RN,,4008S 07224W,,
CL,CLGAL,Galvarino,Galvarino,AR,-23-----,RN,,3824S 07247W,,
CL,CLGIO,Gatico,Gatico,AN,--3-----,RL,,2230S 07014W,,
CL,CLGLG,General Lagos,General Lagos,AP,-23-----,RN,,1739S 06938W,,
CL,CLGOR,Gorbea,Gorbea,AR,-23-----,RL,,3906S 07241W,,
CL,CLGRA,Graneros,Graneros,LI,--3-----,RN,,3404S 07044W,,
CL,CLGUA,Guaitecas,Guaitecas,AI,1-------,RN,,4344S 07354W,,
CL,CLGYC,Guayacán,Guayacan,CO,1-------,AI,,2959S 07122W,,
CL,CLHIJ,Hijuelas,Hijuelas,VS,--3-----,RN,,3248S 07110W,,
CL,CLHOR,Horcón,Horcon,VS,--3-----,RL,,3243S 07130W,,
CL,CLHPO,Huachipato,Huachipato,BI,--3-----,RL,,3644S 07307W,,
CL,CLHUH,Hualaihué,Hualaihue,LL,1-3-----,RN,,4201S 07241W,,
CL,CLHLE,Hualañé,Hualane,ML,--3-----,RN,,3459S 07149W,,
CL,CLHPN,Hualpén,Hualpen,BI,--3-----,RN,,3647S 07307W,,
CL,CLHQI,Hualqui,Hualqui,BI,--3-----,RN,,3658S 07256W,,
CL,CLHUA,Huara,Huara,TA,--3-----,RN,,1959S 06947W,,
CL,CLHSO,Huasco,Huasco,AT,1-------,AI,,2827S 07113W,,
CL,CLHUE,Huechuraba,Huechuraba,RM,--3-----,RN,,3321S 07040W,,
CL,CLHUL,Huepil,Huepil,BI,--3-----,RL,,3714S 07156W,,
CL,CLRHU,Hurtado,Hurtado,CO,--3-----,RN,,3017S 07042W,,
CL,CLIGC,Iglesia Colorada,Iglesia Colorada,AT,--3-----,RL,,2809S 06952W,,
CL,CLILL,Illapel,Illapel,CO,--3-----,RN,,3137S 07109W,,
CL,CLIND,Independencia,Independencia,RM,--3-----,RN,,3325S 07040W,,
CL,CLIQQ,Iquique,Iquique,TA,1--4----,AI,,2013S 07008W,,
CL,CLIDM,Isla de Maipo,Isla de Maipo,RM,--3-----,RN,,3345S 07054W,,
CL,CLIPC,Isla de Pascua,Isla de Pascua,VS,1--4----,AI,,2709S 10925W,,
CL,CLISG,Isla Guarello,Isla Guarello,MA,1-------,AI,,5240S 07341W,,
CL,CLJFZ,Juan Fernández,Juan Fernandez,VS,1-------,RN,,3340S 07947W,,
CL,CLLCL,La Calera,La Calera,VS,-23-----,RL,,3247S 07111W,,
CL,CLLAC,La Chimba,La Chimba,AN,--3-----,RL,,2333S 07024W,,
CL,CLLCI,La Cisterna,La Cisterna,RM,--3-----,RN,,3333S 07041W,,
CL,CLLCZ,La Cruz,La Cruz,VS,--3-----,RN,,3250S 07114W,,
CL,CLLES,La Estrella,La Estrella,LI,--3-----,RN,,3412S 07140W,,
CL,CLLFL,La Florida,La Florida,RM,--3-----,RN,,3333S 07034W,,
CL,CLLGJ,La Granja,La Granja,RM,--3-----,RN,,3335S 07035W,,
CL,CLLAH,La Higuera,La Higuera,CO,--3-----,RN,,2940S 07100W,,
CL,CLLAJ,La Laja,La Laja,BI,--3-----,RN,,3716S 07242W,,
CL,CLLIG,La Ligua,La Ligua,VS,--3-----,RN,,3227S 07113W,,
CL,CLLNE,La Negra,La Negra,AN,--3-----,RL,,2346S 07019W,,
CL,CLPAZ,La Paz,La Paz,AR,--3-----,RL,,3924S 07243W,,
CL,CLLPI,La Pintana,La Pintana,RM,--3-----,RN,,3332S 07035W,,
CL,CLREI,La Reina,La Reina,RM,--3-----,RN,,3327S 07033W,,
CL,CLLSC,La Serena,La Serena,CO,1--4----,AI,,2953S 07114W,,
CL,CLLUN,La Unión,La Union,LL,-23-----,RN,,4017S 07305W,,
CL,CLRNC,Lago Ranco,Lago Ranco,LL,-23-----,RN,,4019S 07230W,,
CL,CLLVD,Lago Verde,Lago Verde,AI,--3-----,RN,,4414S 07150W,,
CL,CLLBL,Laguna Blanca,Laguna Blanca,MA,--3-----,RN,,5215S 07155W,,
CL,CLLAM,Lampa,Lampa,RM,--3-----,RN,,3317S 07054W,,
CL,CLLAN,Lanco,Lanco,LL,-23-----,RN,,3927S 07247W,,
CL,CLLCB,Las Cabras,Las Cabras,LI,-23-----,RN,,3418S 07119W,,
CL,CLLCO,Las Condes,Las Condes,RM,--3-----,RN,,3322S 07031W,,
CL,CLLAS,Las Salinas/Quintero,Las Salinas/Quintero,VS,--3-----,RL,,3245S 07128W,,
CL,CLLVS,Las Ventanas,Las Ventanas,VS,-----6--,RL,,3316S 07139W,,
CL,CLLAU,Lautaro,Lautaro,AR,-23-----,RN,,3831S 07227W,,
CL,CLLEB,Lebu,Lebu,BI,123-----,RL,,3736S 07339W,,
CL,CLLIC,Licantén,Licanten,ML,--3-----,RN,,3459S 07200W,,
CL,CLLIM,Limache,Limache,VS,-23-----,RN,,3259S 07117W,,
CL,CLLMR,Limarí,Limari,CO,--3-----,RL,,3037S 07116W,,
CL,CLLIN,Linares,Linares,ML,-23-----,RL,ZLR,3551S 07136W,,
CL,CLLDR,Linderos,Linderos,RM,--3-----,RL,,3346S 07044W,,
CL,CLLQN,Lirquén,Lirquen,BI,123-----,AI,,3642S 07259W,,
CL,CLLIT,Litueche,Litueche,LI,--3-----,RN,,3411S 07140W,,
CL,CLLIU,Liucura,Liucura,AR,--3-----,RQ,,3839S 07105W,,
CL,CLLLA,Llaillay,Llaillay,VS,-23-----,RN,,3251S 07058W,,
CL,CLLIA,Llanquihue,Llanquihue,LL,123-----,RL,,4115S 07300W,,
CL,CLLLI,Llico,Llico,BI,1-3-----,RN,,3712S 07334W,,
CL,CLLLO,Llolleo,Llolleo,VS,--3-----,RL,,3337S 07136W,,
CL,CLLBA,Lo Barnechea,Lo Barnechea,RM,--3-----,RN,,3321S 07031W,,
CL,CLLEJ,Lo Espejo,Lo Espejo,RM,--3-----,RN,,3332S 07043W,,
CL,CLLPR,Lo Prado,Lo Prado,RM,--3-----,RN,,3326S 07044W,,
CL,CLLOL,Lolol,Lolol,LI,--3-----,RN,,3444S 07139W,,
CL,CLLNC,Loncoche,Loncoche,AR,-23-----,RL,,3923S 07244W,,
CL,CLLON,Longaví,Longavi,ML,--3-----,RN,,3558S 07141W,,
CL,CLLQY,Lonquimay,Lonquimay,AR,--3-----,RN,,3826S 07114W,,
CL,CLLUE,Lontué,Lontue,ML,--3-----,RL,,3504S 07116W,,
CL,CLLAL,Los Álamos,Los Alamos,BI,--3-----,RN,,3737S 07328W,,
CL,CLLND,Los Andes,Los Andes,VS,-23-----,RL,,3249S 07035W,,
CL,CLLSQ,Los Ángeles,Los Angeles,BI,-234----,RL,,3727S 07221W,,
CL,CLULC,Los Cerrillos Apt/Santiago,Los Cerrillos Apt/Santiago,RM,--34----,RL,,3329S 07041W,,
CL,CLLLG,Los Lagos,Los Lagos,LL,-23-----,RN,,3951S 07250W,,
CL,CLLMU,Los Muermos,Los Muermos,LL,-23-----,RN,,4124S 07329W,,
CL,CLLSA,Los Sauces,Los Sauces,AR,-23-----,RN,,3758S 07250W,,
CL,CLLVT,Los Vientos,Los Vientos,AN,123-----,RL,,2441S 06946W,,
CL,CLLOS,Los Vilos,Los Vilos,CO,1-------,RL,,3154S 07130W,,
CL,CLLTA,Lota,Lota,BI,1-3-----,AI,,3705S 07309W,,
CL,CLLUM,Lumaco,Lumaco,AR,-23-----,RN,,3809S 07255W,,
CL,CLMCI,Machalí,Machali,LI,--3-----,RN,,3411S 07040W,,
CL,CLMAC,Macul,Macul,RM,--3-----,RN,,3330S 07034W,,
CL,CLMAF,Máfil,Mafil,LL,-23-----,RN,,3939S 07257W,,
CL,CLMAI,Maipú,Maipu,RM,--3-----,RN,,3331S 07046W,,
CL,CLMAL,Malloa,Malloa,LI,-23-----,RN,,3427S 07057W,,
CL,CLMCO,Malloco,Malloco,RM,--3-----,RL,,3337S 07052W,,
CL,CLMAR,Marchihue,Marchihue,LI,--3-----,RN,,3424S 07138W,,
CL,CLMAE,María Elena,Maria Elena,AN,--3-----,RN,,2221S 06940W,,
CL,CLMPI,María Pinto,Maria Pinto,RM,--3-----,RN,,3332S 07108W,,
CL,CLMRQ,Mariquina,Mariquina,LL,-23-----,RN,,4008S 07220W,,
CL,CLMAU,Maule,Maule,ML,--3-----,RN,,3532S 07142W,,
CL,CLMLL,Maullín,Maullin,LL,1-3-----,RN,,4137S 07335W,,
CL,CLMJS,Mejillones,Mejillones,AN,1-------,AI,,2306S 07027W,,
CL,CLMLI,Melinka,Melinka,LL,1-3-----,RN,,4352S 07345W,,
CL,CLMLP,Melipeuco,Melipeuco,AR,--3-----,RN,,3851S 07142W,,
CL,CLMEL,Melipilla,Melipilla,RM,--3-----,RL,,3341S 07113W,,
CL,CLMIC,Michilla,Michilla,AN,1-3-----,RN,,2244S 07016W,,
CL,CLMIN,Mininco,Mininco,AR,--3-----,AM,,3747S 07228W,,
CL,CLMOL,Molina,Molina,ML,-23-----,RN,,3507S 07117W,,
CL,CLMTP,Monte Patria,Monte Patria,CO,--3-----,RN,,3041S 07056W,,
CL,CLMUL,Mulchén,Mulchen,BI,--3-----,RN,,3743S 07214W,,
CL,CLNAC,Nacimiento,Nacimiento,BI,--3-----,RN,,3730S 07240W,,
CL,CLNCG,Nancagua,Nancagua,LI,--3-----,RL,,3440S 07113W,,
CL,CLNAN,Nancahua,Nancahua,LI,-23-----,RN,,3438S 07112W,,
CL,CLNAV,Navidad,Navidad,LI,--3-----,RN,,3357S 07150W,,
CL,CLNEG,Negrete,Negrete,BI,--3-----,RN,,3735S 07231W,,
CL,CLNBL,Niebla,Niebla,LL,-23-----,RL,,3951S 07323W,,
CL,CLNIN,Ninhue,Ninhue,BI,--3-----,RN,,3624S 07224W,,
CL,CLNPS,Nipas,Nipas,BI,--3-----,RL,,3636S 07232W,,
CL,CLNQN,Ñiquén,Niquen,BI,-23-----,RN,,3614S 07204W,,
CL,CLNOG,Nogales,Nogales,VS,--3-----,RN,,3244S 07115W,,
CL,CLNOS,Nos,Nos,RM,--3-----,RL,,3339S 07043W,,
CL,CLNAL,Nueva Aldea,Nueva Aldea,BI,1-3-----,RL,,3639S 07227W,,
CL,CLNIM,Nueva Imperial,Nueva Imperial,AR,-23-----,RN,,3844S 07257W,,
CL,CLNUN,Ñuñoa,Nunoa,RM,--3-----,RN,,3328S 07036W,,
CL,CLOHI,O'Higgins,O'Higgins,AI,1-------,RN,,4828S 07234W,,
CL,CLOLI,Olivar,Olivar,LI,-23-----,RN,,3414S 07053W,,
CL,CLOLL,Ollagüe,Ollague,AN,-23-----,RN,,2114S 06816W,,
CL,CLOLM,Olmué,Olmue,VS,--3-----,RN,,3300S 07112W,,
CL,CLZOS,Osorno,Osorno,LL,1234----,AI,,4034S 07309W,,
CL,CLOVL,Ovalle,Ovalle,CO,1--4----,AI,,3035S 07112W,,
CL,CLPHU,Padre Hurtado,Padre Hurtado,RM,--3-----,RN,,3334S 07050W,,
CL,CLPLC,Padre Las Casas,Padre Las Casas,AR,-23-----,RN,,3846S 07236W,,
CL,CLPAI,Paiguano,Paiguano,CO,--3-----,RN,,3001S 07032W,,
CL,CLPAO,Paillaco,Paillaco,LL,-23-----,RN,,4004S 07253W,,
CL,CLPNE,Paine,Paine,RM,--3-----,RN,,3349S 07045W,,
CL,CLPAL,Palena,Palena,LL,--3-----,RN,,4337S 07148W,,
CL,CLPMA,Palmilla,Palmilla,LI,-23-----,RN,,3436S 07122W,,
CL,CLPAN,Panguipulli,Panguipulli,LL,123-----,RN,,3938S 07220W,,
CL,CLPQH,Panquehue,Panquehue,VS,--3-----,RN,,3248S 07050W,,
CL,CLPAP,Papudo,Papudo,VS,--3-----,RN,,3231S 07127W,,
CL,CLPAR,Paredones,Paredones,LI,--3-----,RN,,3439S 07155W,,
CL,CLPGA,Pargua,Pargua,LL,1-3-----,RN,,4148S 07326W,,
CL,CLPRL,Parral,Parral,ML,--3-----,RN,,3609S 07150W,,
CL,CLAON,Paso Abra Oriente de Napa/Pica,Paso Abra Oriente de Napa/Pica,TA,#NAME?,AC,,2033S 06835W,,
CL,CLAGN,Paso Agua Negra-Juntas de Toro/Vicuña,Paso Agua Negra-Juntas de Toro/Vicuna,CO,#NAME?,AC,,3012S 06950W,,
CL,CLCSA,Paso Cardenal A. Samoré/Puyehue,Paso Cardenal A. Samore/Puyehue,LL,#NAME?,AC,,4043S 07157W,,
CL,CLCAI,Paso Carirriñe/Panguipulli,Paso Carirrine/Panguipulli,LR,#NAME?,AC,,3947S 07140W,,
CL,CLCGA,Paso Chungará-Tambo Quemado/Putre,Paso Chungara-Tambo Quemado/Putre,AP,#NAME?,AC,,1817S 06904W,,
CL,CLCOP,Paso Colchane-Pisiga/Colchane,Paso Colchane-Pisiga/Colchane,TA,#NAME?,AC,,1916S 06837W,,
CL,CLCCD,Paso Concordia-Chacalluta/Arica,Paso Concordia-Chacalluta/Arica,AP,#NAME?,AC,,1818S 07019W,Chacalluta,
CL,CLCIQ,Paso Coyhaique/Coyhaique,Paso Coyhaique/Coyhaique,AI,#NAME?,AC,,4531S 07133W,,
CL,CLLIB,Paso Cristo Redentor-Los Libertadores/Los Andes,Paso Cristo Redentor-Los Libertadores/Los Andes,VS,#NAME?,AC,,3250S 07007W,Los Libertadores,
CL,CLDOR,Paso Dorotea/Puerto Natales,Paso Dorotea/Puerto Natales,MA,#NAME?,AC,,5135S 07220W,,
CL,CLFTF,Paso Futaleufú/Futaleufú,Paso Futaleufu/Futaleufu,LL,#NAME?,AC,,4311S 07145W,,
CL,CLHIT,Paso Hito Cajón/San Pedro de Atacama,Paso Hito Cajon/San Pedro de Atacama,AN,#NAME?,AC,,2253S 06748W,,
CL,CLHHM,Paso Hua Hum/Panguipulli,Paso Hua Hum/Panguipulli,LL,#NAME?,AC,,4006S 07140W,,
CL,CLHLS,Paso Huemules-Balmaceda/Coyhaique,Paso Huemules-Balmaceda/Coyhaique,AI,#NAME?,AC,,4555S 07139W,,
CL,CLICA,Paso Icalma/Lonquimay,Paso Icalma/Lonquimay,AR,#NAME?,AC,,3850S 07116W,,
CL,CLINI,Paso Ingeniero Ibáñez Pallavicini/Río Ibáñez,Paso Ingeniero Ibanez Pallavicini/Rio Ibanez,AI,#NAME?,AC,,4616S 07143W,,
CL,CLIAU,Paso Integración Austral-Monte Aymond/San Gregorio,Paso Integracion Austral-Monte Aymond/San Gregorio,MA,#NAME?,AC,,5208S 06931W,,
CL,CLJAM,Paso Jama/San Pedro de Atacama,Paso Jama/San Pedro de Atacama,AN,#NAME?,AC,,2314S 06704W,,
CL,CLLOH,Paso Lago O'Higgins/O'Higgins,Paso Lago O'Higgins/O'Higgins,AI,1-3----B,AC,,4852S 07240W,,
CL,CLCVJ,Paso Laurita Casas Viejas/Puerto Natales,Paso Laurita Casas Viejas/Puerto Natales,MA,#NAME?,AC,,5141S 07218W,,
CL,CLMML,Paso Mamuil Malal-Puesco/Currarehue,Paso Mamuil Malal-Puesco/Currarehue,AR,#NAME?,AC,,3935S 07128W,,
CL,CLOLA,Paso Ollagüe/Ollagüe,Paso Ollague/Ollague,AN,#NAME?,AC,,2113S 06814W,,
CL,CLPAM,Paso Pampa Alta (Puesto Viejo)/Coyhaique,Paso Pampa Alta (Puesto Viejo)/Coyhaique,AI,#NAME?,AC,,4520S 07122W,,
CL,CLPEH,Paso Pehuenche/San Clemente,Paso Pehuenche/San Clemente,ML,#NAME?,AC,,3559S 07024W,,
CL,CLPIA,Paso Pichachén/Antuco,Paso Pichachen/Antuco,BI,#NAME?,AC,,3727S 07108W,,
CL,CLPAA,Paso Pino Hachado/Lonquimay,Paso Pino Hachado/Lonquimay,AR,#NAME?,AC,,3840S 07054W,,
CL,CLPIG,Paso Pircas Negras/Tierra Amarilla,Paso Pircas Negras/Tierra Amarilla,AT,#NAME?,AC,,2804S 06918W,,
CL,CLPIU,Paso Piuquenes/San José de Maipo,Paso Piuquenes/San Jose de Maipo,RM,#NAME?,AC,,3338S 06952W,,
CL,CLRBL,Paso Río Bellavista/Timaukel,Paso Rio Bellavista/Timaukel,MA,#NAME?,AC,,5400S 06841W,,
CL,CLRDG,Paso Río Don Guillermo/Torres del Paine,Paso Rio Don Guillermo/Torres del Paine,MA,#NAME?,AC,,5115S 07215W,,
CL,CLRIE,Paso Río Encuentro/Palena,Paso Rio Encuentro/Palena,LL,#NAME?,AC,,4335S 07145W,,
CL,CLRFA,Paso Río Frías Appeleg/Cisnes,Paso Rio Frias Appeleg/Cisnes,AI,#NAME?,AC,,4433S 07108W,,
CL,CLRIJ,Paso Río Jeinimeni/Chile Chico,Paso Rio Jeinimeni/Chile Chico,AI,#NAME?,AC,,4634S 07140W,,
CL,CLRIM,Paso Río Mayer/O'Higgins,Paso Rio Mayer/O'Higgins,AI,#NAME?,AC,,4813S 07216W,,
CL,CLRMO,Paso Río Mosco/O'Higgins,Paso Rio Mosco/O'Higgins,AI,#NAME?,AC,,4829S 07233W,,
CL,CLROB,Paso Roballos/Cochrane,Paso Roballos/Cochrane,AI,#NAME?,AC,,4710S 07151W,,
CL,CLFCO,Paso San Francisco/Tierra Amarilla,Paso San Francisco/Tierra Amarilla,AT,#NAME?,AC,,2652S 06818W,,
CL,CLSSB,Paso San Sebastián/Porvenir,Paso San Sebastian/Porvenir,MA,#NAME?,AC,,5319S 06836W,,
CL,CLSIC,Paso Sico/San Pedro de Atacama,Paso Sico/San Pedro de Atacama,AN,#NAME?,AC,,2351S 06716W,,
CL,CLSOC,Paso Socompa/Antofagasta,Paso Socompa/Antofagasta,AN,#NAME?,AC,,2427S 06817W,,
CL,CLTRI,Paso Triana/Coyhaique,Paso Triana/Coyhaique,AI,#NAME?,AC,,4535S 07143W,,
CL,CLVPR,Paso V. Pérez Rosales-Peulla/Puerto Varas,Paso V. Perez Rosales-Peulla/Puerto Varas,LL,#NAME?,AC,,4104S 07150W,,
CL,CLVER,Paso Vergara-San Pedro/Romeral,Paso Vergara-San Pedro/Romeral,ML,#NAME?,AC,,3508S 07028W,,
CL,CLVIS,Paso Visviri/Putre,Paso Visviri/Putre,AP,#NAME?,AC,,1735S 06928W,,
CL,CLPTI,Patillos,Patillos,TA,1-------,AI,,2045S 07011W,Caleta Patillos,
CL,CLPCK,Pecket,Pecket,MA,1-------,RL,,5257S 07111W,,
CL,CLPAC,Pedro Aguirre Cerda,Pedro Aguirre Cerda,RM,--3-----,RN,,3328S 07040W,,
CL,CLPDV,Pedro de Valdivia,Pedro de Valdivia,AN,-23-----,RL,,2236S 06940W,,
CL,CLPEL,Pelarco,Pelarco,ML,--3-----,RN,,3523S 07127W,,
CL,CLPLE,Pelequén,Pelequen,LI,--3-----,RL,,3428S 07055W,,
CL,CLPLH,Pelluhue,Pelluhue,ML,--3-----,RN,,3548S 07234W,,
CL,CLPEM,Pemuco,Pemuco,BI,--3-----,RN,,3658S 07206W,,
CL,CLPFL,Peñaflor,Penaflor,RM,--3-----,RN,,3337S 07055W,,
CL,CLPLN,Peñalolén,Penalolen,RM,--3-----,RN,,3329S 07032W,,
CL,CLPEN,Pencahue,Pencahue,ML,-23-----,RN,,3524S 07149W,,
CL,CLPEO,Penco,Penco,BI,123-----,AI,,3643S 07259W,,
CL,CLPER,Peralillo,Peralillo,LI,-23-----,RN,,3428S 07129W,,
CL,CLPQC,Perquenco,Perquenco,AR,-23-----,RN,,3825S 07223W,,
CL,CLPET,Petorca,Petorca,VS,--3-----,RN,,3215S 07056W,,
CL,CLPEU,Peumo,Peumo,LI,--3-----,RN,,3424S 07110W,,
CL,CLPIC,Pica,Pica,TA,--3-----,RN,,2030S 06921W,,
CL,CLPDH,Pichidegua,Pichidegua,LI,--3-----,RN,,3421S 07118W,,
CL,CLPLM,Pichilemu,Pichilemu,LI,--3-----,RN,,3423S 07200W,,
CL,CLPDM,Pidima,Pidima,AR,--3-----,RL,,3801S 07226W,,
CL,CLPIN,Pinto,Pinto,BI,--3-----,RN,,3642S 07154W,,
CL,CLPIR,Pirque,Pirque,RM,--3-----,RN,,3338S 07033W,,
CL,CLPIS,Pisagua,Pisagua,TA,1-------,RL,,1936S 07012W,,
CL,CLPIT,Pitrufquén,Pitrufquen,AR,-23-----,RN,,3859S 07239W,,
CL,CLPLA,Placilla,Placilla,LI,--3-----,RN,,3438S 07107W,,
CL,CLPLL,Placilla,Placilla,VS,--3-----,RL,,3306S 07135W,Valparaiso,
CL,CLPAQ,Placilla - Valparaiso,Placilla - Valparaiso,VS,--3-----,RL,,3226S 07118W,,
CL,CLPOR,Portezuelo,Portezuelo,BI,--3-----,RN,,3632S 07226W,,
CL,CLPVR,Porvenir,Porvenir,MA,--34----,RL,WPR,5318S 07022W,,
CL,CLWPR,Porvenir Apt,Porvenir Apt,MA,--34----,RL,,5315S 07019W,,
CL,CLPOS,Posesión,Posesion,CO,1-3-----,RN,,2954S 07004W,,
CL,CLPOZ,Pozo Almonte,Pozo Almonte,TA,--3-----,RN,,2016S 06948W,,
CL,CLPRI,Primavera,Primavera,MA,--3-----,RN,,5243S 06915W,,
CL,CLPRO,Providencia,Providencia,RM,--3-----,RN,QOV,3326S 07037W,,
CL,CLPCI,Puchuncaví,Puchuncavi,VS,--3-----,RN,,3243S 07124W,,
CL,CLPUC,Pucón,Pucon,AR,--3-----,RL,ZPC,3916S 07158W,,
CL,CLZPC,Pucón Apt,Pucon Apt,AR,---4----,RL,,3917S 07154W,,
CL,CLPUD,Pudahuel,Pudahuel,RM,--3-----,RN,,3323S 07046W,,
CL,CLPTA,Puente Alto,Puente Alto,RM,--3-----,RN,,3337S 07035W,,
CL,CLPNG,Puente Negro,Puente Negro,LI,--3-----,RL,,3440S 07053W,,
CL,CLWPA,Puerto Aisén,Puerto Aisen,AI,1--4----,AI,,4523S 07242W,,
CL,CLPAG,Puerto Angamos,Puerto Angamos,AN,123-----,RL,,2305S 07027W,,
CL,CLPSN,Puerto Aysen,Puerto Aysen,AI,--3-----,RL,,4524S 07241W,,
CL,CLPCH,Puerto Chacabuco,Puerto Chacabuco,AI,1-3-----,RL,,4529S 07250W,,
CL,CLCIS,Puerto Cisnes,Puerto Cisnes,AI,1-3-----,RN,,4444S 07242W,,
CL,CLEDE,Puerto Edén,Puerto Eden,MA,1-------,RL,,4909S 07427W,,
CL,CLPMC,Puerto Montt,Puerto Montt,LL,1234----,AI,,4128S 07257W,,
CL,CLPNT,Puerto Natales,Puerto Natales,MA,1-34----,AI,,5143S 07230W,,
CL,CLPOC,Puerto Octay,Puerto Octay,LL,1-3-----,RN,,4058S 07254W,,
CL,CLPAT,Puerto Patache,Puerto Patache,TA,1-------,RL,,2048S 07012W,,
CL,CLPPY,Puerto Percy,Puerto Percy,MA,1-------,AI,,5254S 07016W,,
CL,CLPVS,Puerto Varas,Puerto Varas,LL,123-----,RN,PUX,4119S 07259W,,
CL,CLWPU,Puerto Williams,Puerto Williams,MA,1--4----,AI,,5455S 06737W,,
CL,CLPUM,Pumanque,Pumanque,LI,--3-----,RN,,3436S 07140W,,
CL,CLPUN,Punitaqui,Punitaqui,CO,--3-----,RN,,3054S 07116W,,
CL,CLPUQ,Punta Arenas,Punta Arenas,MA,1-34----,AI,,5308S 07056W,,
CL,CLPTC,Punta Chungo,Punta Chungo,CO,123-----,RL,,3152S 07130W,,
CL,CLPPD,Punta Padrones,Punta Padrones,,1----6--,RL,,,,
CL,CLPPC,Punta Patache,Punta Patache,,-----6--,RL,,2049S 07013W,,
CL,CLPQD,Puqueldón,Puqueldon,LL,1-------,RN,,4235S 07338W,,
CL,CLPUR,Purén,Puren,AR,-23-----,RN,,3801S 07305W,,
CL,CLPRQ,Purranque,Purranque,LL,-23-----,RN,,4055S 07310W,,
CL,CLPTO,Putaendo,Putaendo,VS,-23-----,RN,,3238S 07044W,,
CL,CLPUT,Putre,Putre,AP,--3-----,RN,,1812S 06935W,,
CL,CLPYH,Puyehue,Puyehue,LL,-23-----,RN,,4040S 07237W,,
CL,CLQLN,Queilén,Queilen,LL,1-3-----,RN,,4252S 07328W,,
CL,CLPTE,Quellón (Puerto Quellón),Quellon (Puerto Quellon),LL,1-3-----,RL,,4306S 07337W,,
CL,CLQUV,Quellón Viejo,Quellon Viejo,LL,1-3-----,RL,,4308S 07340W,,
CL,CLQMC,Quemchi,Quemchi,LL,1-3-----,AI,,4208S 07329W,,
CL,CLQLA,Quilaco,Quilaco,BI,--3-----,RN,,3740S 07159W,,
CL,CLQUI,Quilicura,Quilicura,RM,-23-----,RL,,3322S 07045W,,
CL,CLQLO,Quilleco,Quilleco,BI,--3-----,RN,,3728S 07158W,,
CL,CLQIN,Quillón,Quillon,BI,--3-----,RN,,3644S 07228W,,
CL,CLQTA,Quillota,Quillota,VS,-23-----,RN,,3253S 07116W,,
CL,CLQIL,Quilpué,Quilpue,VS,-23-----,RL,,3302S 07126W,,
CL,CLQCO,Quinchao,Quinchao,LL,1-------,RN,,4231S 07324W,,
CL,CLQDT,Quinta de Tilcoco,Quinta de Tilcoco,LI,--3-----,RN,,3421S 07059W,,
CL,CLQNO,Quinta Normal,Quinta Normal,RM,--3-----,RN,,3327S 07042W,,
CL,CLQTV,Quintero,Quintero,VS,1-3-----,AI,,3246S 07132W,,
CL,CLQRH,Quirihue,Quirihue,BI,--3-----,RN,,3617S 07232W,,
CL,CLQRC,Rancagua,Rancagua,LI,-234----,AI,,3409S 07043W,,
CL,CLRAN,Ránquil,Ranquil,BI,--3-----,RN,,3639S 07233W,,
CL,CLRAP,Rapel,Rapel,LI,--3-----,RL,,3357S 07145W,,
CL,CLRAF,Rauco,Rauco,LL,1-3-----,RN,,4232S 07347W,,
CL,CLRAU,Rauco,Rauco,ML,--3-----,RN,,3456S 07119W,,
CL,CLREC,Recoleta,Recoleta,RM,--3-----,RN,,3325S 07039W,,
CL,CLRNO,Renaico,Renaico,AR,-23-----,RN,,3740S 07235W,,
CL,CLREN,Renca,Renca,RM,--3-----,RN,,3324S 07044W,,
CL,CLRGO,Rengo,Rengo,LI,--3-----,RN,,3425S 07052W,,
CL,CLREQ,Requínoa,Requinoa,LI,-23-----,RN,,3417S 07050W,,
CL,CLRET,Retiro,Retiro,ML,--3-----,RN,,3603S 07146W,,
CL,CLRIN,Rinconada de Los Andes,Rinconada de Los Andes,VS,--3-----,RN,,3249S 07042W,,
CL,CLRBU,Río Bueno,Rio Bueno,LL,-23-----,RN,,4019S 07258W,,
CL,CLRCL,Río Claro,Rio Claro,ML,--3-----,RN,,3513S 07115W,,
CL,CLRIB,Río Ibáñez,Rio Ibanez,AI,--3-----,RN,,4618S 07157W,,
CL,CLRNE,Río Negro,Rio Negro,LL,-23-----,RN,,4047S 07314W,,
CL,CLRVE,Río Verde,Rio Verde,MA,--3-----,RN,,5239S 07128W,,
CL,CLRSD,Rocas de Santo Domingo,Rocas de Santo Domingo,VS,--3-----,RL,,3338S 07137W,,
CL,CLROM,Romeral,Romeral,ML,--3-----,RN,,3458S 07108W,,
CL,CLROS,Rosario,Rosario,LI,--3-----,RL,,3407S 07144W,,
CL,CLSAA,Saavedra,Saavedra,AR,1-3-----,RN,,3847S 07324W,,
CL,CLSAF,Sagrada Familia,Sagrada Familia,ML,--3-----,RN,,3500S 07123W,,
CL,CLSAL,Salamanca,Salamanca,CO,--3-----,RN,,3146S 07058W,,
CL,CLSAI,San Antonio,San Antonio,VS,123-----,AI,,3336S 07136W,,
CL,CLSBD,San Bernardo,San Bernardo,RM,-23-----,RN,,3336S 07043W,,
CL,CLSCR,San Carlos,San Carlos,BI,-23-----,RL,,3625S 07158W,,
CL,CLSCT,San Clemente,San Clemente,ML,--3-----,RN,,3533S 07129W,,
CL,CLSES,San Esteban,San Esteban,VS,--3-----,RN,,3248S 07035W,,
CL,CLSFN,San Fabián,San Fabian,BI,--3-----,RN,,3633S 07133W,,
CL,CLSFP,San Felipe,San Felipe,VS,--3-----,RL,,3245S 07043W,,
CL,CLSFD,San Fernando,San Fernando,LI,-23-----,RN,,3435S 07058W,,
CL,CLMOS,San Francisco de Mostazal,San Francisco de Mostazal,LI,-23-----,RN,,3359S 07043W,,
CL,CLSGR,San Gregorio,San Gregorio,MA,--3-----,RL,,5234S 07004W,,
CL,CLSIN,San Ignacio,San Ignacio,BI,--3-----,RN,,3648S 07202W,,
CL,CLSJV,San Javier,San Javier,ML,--3-----,RN,,3536S 07145W,,
CL,CLSJQ,San Joaquín,San Joaquin,RM,--3-----,RN,,3330S 07037W,,
CL,CLSJM,San José de Maipo,San Jose de Maipo,RM,--3-----,RN,,3338S 07022W,,
CL,CLSJC,San Juan de la Costa,San Juan de la Costa,LL,--3-----,RN,,4031S 07324W,,
CL,CLSMG,San Miguel,San Miguel,RM,--3-----,RN,,3330S 07040W,,
CL,CLSNI,San Nicolás,San Nicolas,BI,--3-----,RN,,3630S 07213W,,
CL,CLSPB,San Pablo,San Pablo,LL,--3-----,RN,,4024S 07301W,,
CL,CLSPE,San Pedro,San Pedro,RM,--3-----,RN,,3354S 07128W,,
CL,CLSPA,San Pedro de Atacama,San Pedro de Atacama,AN,--3-----,RN,,2255S 06813W,,
CL,CLSPP,San Pedro de la Paz,San Pedro de la Paz,BI,--3-----,RN,,3650S 07306W,,
CL,CLSRA,San Rafael,San Rafael,ML,--3-----,RN,,3519S 07132W,,
CL,CLSRM,San Ramón,San Ramon,RM,--3-----,RN,,3327S 07030W,,
CL,CLSRO,San Rosendo,San Rosendo,BI,--3-----,RN,,3716S 07243W,,
CL,CLSVE,San Vicente,San Vicente,BI,1-3-----,AI,,3642S 07308W,,
CL,CLSVT,San Vicente,San Vicente,LI,-23-----,RN,,3426S 07105W,,
CL,CLSTT,San Vicente de Tagua Tagua,San Vicente de Tagua Tagua,LI,--3-----,RL,,3430S 07108W,,
CL,CLSBA,Santa Bárbara,Santa Barbara,BI,--3-----,RN,,3740S 07201W,,
CL,CLSCZ,Santa Cruz,Santa Cruz,LI,-23-----,RN,,3438S 07122W,,
CL,CLSJU,Santa Juana,Santa Juana,BI,--3-----,RN,,3710S 07256W,,
CL,CLSMA,Santa María,Santa Maria,VS,--3-----,RN,,3245S 07040W,,
CL,CLSCL,Santiago,Santiago,RM,-2345---,AI,,3327S 07038W,,
CL,CLSDO,Santo Domingo,Santo Domingo,VS,--3-----,RL,,3338S 07139W,,
CL,CLSIG,Sierra Gorda,Sierra Gorda,AN,-23-----,RN,,2254S 06919W,,
CL,CLTLG,Talagante,Talagante,RM,--3-----,RL,,3340S 07056W,,
CL,CLTLX,Talca,Talca,ML,1234----,AI,,3525S 07139W,,
CL,CLTAL,Talcahuano,Talcahuano,BI,123-----,AI,,3644S 07307W,,
CL,CLTTC,Taltal,Taltal,AN,1--4----,AI,,2524S 07028W,,
CL,CLTAA,Tamentica,Tamentica,TA,--3-----,RL,,2058S 06910W,,
CL,CLZCO,Temuco,Temuco,AR,-234----,AI,,3843S 07234W,,
CL,CLTEN,Teno,Teno,ML,--3-----,RN,,3452S 07111W,,
CL,CLTEO,Teodoro Schmidt,Teodoro Schmidt,AR,-23-----,RN,,3858S 07303W,,
CL,CLTAM,Tierra Amarilla,Tierra Amarilla,AT,-23-----,RN,,2729S 07017W,,
CL,CLTIL,Tiltil,Tiltil,RM,--3-----,RN,,3305S 07056W,,
CL,CLTIM,Timaukel,Timaukel,MA,--3-----,RN,,5417S 06910W,,
CL,CLTIR,Tirúa,Tirua,BI,--3-----,RN,,3820S 07330W,,
CL,CLTOQ,Tocopilla,Tocopilla,AN,1--4----,AI,,2205S 07011W,,
CL,CLTOL,Toltén,Tolten,AR,-23-----,RN,,3913S 07314W,,
CL,CLTOM,Tomé,Tome,BI,123-----,AI,,3636S 07257W,,
CL,CLTON,Tongoy,Tongoy,CO,1-3-----,RN,,3015S 07129W,,
CL,CLTDP,Torres del Paine,Torres del Paine,MA,--3-----,RN,,5059S 07303W,,
CL,CLTOR,Tortel,Tortel,AI,1-------,RN,,4750S 07334W,,
CL,CLTRA,Traiguén,Traiguen,AR,-23-----,RN,,3815S 07241W,,
CL,CLTRE,Treguaco,Treguaco,BI,--3-----,RN,,3626S 07240W,,
CL,CLTPI,Tres Pinos,Tres Pinos,BI,--3-----,RL,,3739S 07325W,,
CL,CLTPT,Tres Puentes,Tres Puentes,MA,1-3-----,RN,,5307S 07053W,,
CL,CLTUC,Tucapel,Tucapel,BI,--3-----,RN,,3717S 07157W,,
CL,CLZAL,Valdivia,Valdivia,LL,1234----,AI,,3949S 07313W,,
CL,CLVLR,Vallenar,Vallenar,AT,-234-6--,AI,,2834S 07045W,,
CL,CLVAP,Valparaiso,Valparaiso,VS,1234----,AI,,3302S 07138W,,
CL,CLVEN,Ventanas,Ventanas,AT,--3-----,RL,,2831S 07052W,,
CL,CLVNT,Ventanas,Ventanas,VS,1-3-----,RL,,3244S 07129W,,
CL,CLVCQ,Vichuquén,Vichuquen,ML,--3-----,RN,,3453S 07200W,,
CL,CLZIC,Victoria,Victoria,AR,-234----,AI,,3814S 07219W,,
CL,CLVIC,Vicuña,Vicuna,CO,-23-----,RN,,3001S 07042W,,
CL,CLVCN,Vilcún,Vilcun,AR,-23-----,RN,,3839S 07214W,,
CL,CLVAG,Villa Alegre,Villa Alegre,ML,--3-----,RN,,3540S 07145W,,
CL,CLVIA,Villa Alemana,Villa Alemana,VS,-23-----,RN,,3302S 07122W,,
CL,CLVIL,Villarrica,Villarrica,AR,123-----,RN,ZVC,3916S 07213W,,
CL,CLVLC,Viluco,Viluco,RM,--3-----,RL,,3347S 07048W,,
CL,CLKNA,Viña del Mar,Vina del Mar,VS,1234----,AI,,3259S 07133W,,
CL,CLVIT,Vitacura,Vitacura,RM,--3-----,RN,,3324S 07036W,,
CL,CLYBU,Yerbas Buenas,Yerbas Buenas,ML,--3-----,RN,,3545S 07135W,,
CL,CLYUM,Yumbel,Yumbel,BI,-23-----,RN,,3708S 07232W,,
CL,CLYUN,Yungay,Yungay,BI,--3-----,RN,,3707S 07201W,,
CL,CLZAP,Zapallar,Zapallar,VS,--3-----,RN,,3233S 07128W,,
CL,CLZFI,Zona Franca de Iquique,Zona Franca de Iquique,TA,--3-----,RL,,2012S 07008W,,
CL,CLTGN,Terminal Graneles Norte Mejillones ,Terminal Graneles Norte Mejillones ,AN,1.0,RQ,,2303S 07022W,(HLAG) Use UN/LOCODE CLMJS Mejillones and apply for IMO GISIS Code and/or SMDG Terminal Code.,UN-2022-66056
